id,url,title,size_kb
040064,https://assets.lutron.com/a/documents/040064.pdf,,253
040089,https://assets.lutron.com/a/documents/040089.pdf,,216
040090,https://assets.lutron.com/a/documents/040090.pdf,,209
040091,https://assets.lutron.com/a/documents/040091.pdf,,46
040093,https://assets.lutron.com/a/documents/040093.pdf,,214
040138,https://assets.lutron.com/a/documents/040138.pdf,,575
040139,https://assets.lutron.com/a/documents/040139.pdf,,454
040242,https://assets.lutron.com/a/documents/040242.pdf,,1380
040249,https://assets.lutron.com/a/documents/040249.pdf,Lutron Logo_Blk.eps,10157
040368,https://assets.lutron.com/a/documents/040368.pdf,,2383
040383,https://assets.lutron.com/a/documents/040383.pdf,,15566
040384,https://assets.lutron.com/a/documents/040384.pdf,00_ESNcover_nocircleR,13780
040391,https://assets.lutron.com/a/documents/040391.pdf,,4210
040397,https://assets.lutron.com/a/documents/040397.pdf,,1814
040398,https://assets.lutron.com/a/documents/040398.pdf,,10211
040399,https://assets.lutron.com/a/documents/040399.pdf,,1291
040409,https://assets.lutron.com/a/documents/040409.pdf,,938
040410,https://assets.lutron.com/a/documents/040410.pdf,,24631
040414,https://assets.lutron.com/a/documents/040414.pdf,,1114
040415,https://assets.lutron.com/a/documents/040415.pdf,,1380
040416,https://assets.lutron.com/a/documents/040416.pdf,,27910
040419,https://assets.lutron.com/a/documents/040419.pdf,,1690
040420,https://assets.lutron.com/a/documents/040420.pdf,,3517
040422,https://assets.lutron.com/a/documents/040422.pdf,,1465
040423,https://assets.lutron.com/a/documents/040423.pdf,Lutron Logo_Blk.eps,781
040426,https://assets.lutron.com/a/documents/040426.pdf,,219
040427,https://assets.lutron.com/a/documents/040427.pdf,,25531
040429,https://assets.lutron.com/a/documents/040429.pdf,,171
040430,https://assets.lutron.com/a/documents/040430.pdf,,2250
040431,https://assets.lutron.com/a/documents/040431.pdf,,5087
040432,https://assets.lutron.com/a/documents/040432.pdf,,454
040436,https://assets.lutron.com/a/documents/040436.pdf,01_L01_1a,1975
040437,https://assets.lutron.com/a/documents/040437.pdf,Lutron Logo_Blk.eps,485
040438,https://assets.lutron.com/a/documents/040438.pdf,Lutron Logo_Blk.eps,209
040439,https://assets.lutron.com/a/documents/040439.pdf,,6617
040440,https://assets.lutron.com/a/documents/040440.pdf,,763
040441,https://assets.lutron.com/a/documents/040441.pdf,,4286
040442,https://assets.lutron.com/a/documents/040442.pdf,LutronLogo_Black_with_sunburst.eps,17362
040446,https://assets.lutron.com/a/documents/040446.pdf,,4236
040449,https://assets.lutron.com/a/documents/040449.pdf,Lutron Logo_Blk.eps,307
040452,https://assets.lutron.com/a/documents/040452.pdf,,4487
040454,https://assets.lutron.com/a/documents/040454.pdf,Lutron Logo_Blk.eps,381
040459,https://assets.lutron.com/a/documents/040459.pdf,,897
040467,https://assets.lutron.com/a/documents/040467.pdf,Lutron Logo_Blk.eps,74
040469,https://assets.lutron.com/a/documents/040469.pdf,,3219
040471,https://assets.lutron.com/a/documents/040471.pdf,,4400
040472,https://assets.lutron.com/a/documents/040472.pdf,Lutron Logo_Blk.eps,157
040474,https://assets.lutron.com/a/documents/040474.pdf,,3616
040475,https://assets.lutron.com/a/documents/040475.pdf,,1446
040479,https://assets.lutron.com/a/documents/040479.pdf,,711
040489,https://assets.lutron.com/a/documents/040489.pdf,,2400
040490,https://assets.lutron.com/a/documents/040490.pdf,Lutron myRoom XC Operation and Maintenance Manual (040490),55
041146,https://assets.lutron.com/a/documents/041146.pdf,,1902
041169,https://assets.lutron.com/a/documents/041169.pdf,,2646
041294,https://assets.lutron.com/a/documents/041294.pdf,,2031
041315,https://assets.lutron.com/a/documents/041315.pdf,,1792
041335,https://assets.lutron.com/a/documents/041335.pdf,,545
041349,https://assets.lutron.com/a/documents/041349.pdf,,1147
041356,https://assets.lutron.com/a/documents/041356.pdf,,2406
041358,https://assets.lutron.com/a/documents/041358.pdf,,5372
041363,https://assets.lutron.com/a/documents/041363.pdf,,680
041391,https://assets.lutron.com/a/documents/041391.pdf,,2589
041395,https://assets.lutron.com/a/documents/041395.pdf,Print,2075
041402,https://assets.lutron.com/a/documents/041402.pdf,,953
041405,https://assets.lutron.com/a/documents/041405.pdf,,779
041407,https://assets.lutron.com/a/documents/041407.pdf,,3131
041418,https://assets.lutron.com/a/documents/041418.pdf,,11281
041419,https://assets.lutron.com/a/documents/041419.pdf,,7545
041423,https://assets.lutron.com/a/documents/041423.pdf,,3343
041424,https://assets.lutron.com/a/documents/041424.pdf,,3337
041427,https://assets.lutron.com/a/documents/041427.pdf,,2413
041433,https://assets.lutron.com/a/documents/041433.pdf,,2598
041441,https://assets.lutron.com/a/documents/041441.pdf,041441a2,3335
041442,https://assets.lutron.com/a/documents/041442.pdf,,1420
041455,https://assets.lutron.com/a/documents/041455.pdf,,1421
041456,https://assets.lutron.com/a/documents/041456.pdf,,847
041457,https://assets.lutron.com/a/documents/041457.pdf,,2658
041459,https://assets.lutron.com/a/documents/041459.pdf,,3164
041468,https://assets.lutron.com/a/documents/041468.pdf,,1804
041470,https://assets.lutron.com/a/documents/041470.pdf,,6131
041472,https://assets.lutron.com/a/documents/041472.pdf,,671
041475,https://assets.lutron.com/a/documents/041475.pdf,,685
041479,https://assets.lutron.com/a/documents/041479.pdf,,664
041481,https://assets.lutron.com/a/documents/041481.pdf,,588
041485,https://assets.lutron.com/a/documents/041485.pdf,,3963
041488,https://assets.lutron.com/a/documents/041488.pdf,,1485
041489,https://assets.lutron.com/a/documents/041489.pdf,,1102
041490,https://assets.lutron.com/a/documents/041490.pdf,,511
041496,https://assets.lutron.com/a/documents/041496.pdf,,13266
041499,https://assets.lutron.com/a/documents/041499.pdf,,534
041504,https://assets.lutron.com/a/documents/041504.pdf,,1131
041505,https://assets.lutron.com/a/documents/041505.pdf,,1084
041506,https://assets.lutron.com/a/documents/041506.pdf,,1258
041507,https://assets.lutron.com/a/documents/041507.pdf,,723
041511,https://assets.lutron.com/a/documents/041511.pdf,,704
041513,https://assets.lutron.com/a/documents/041513.pdf,,282
041514,https://assets.lutron.com/a/documents/041514.pdf,,3452
041516,https://assets.lutron.com/a/documents/041516.pdf,,1765
041518,https://assets.lutron.com/a/documents/041518.pdf,,392
041531,https://assets.lutron.com/a/documents/041531.pdf,,1983
041532,https://assets.lutron.com/a/documents/041532.pdf,USB Receptacle 15 A Installation 041532b,1181
041533,https://assets.lutron.com/a/documents/041533.pdf,,795
041544,https://assets.lutron.com/a/documents/041544.pdf,,
041546,https://assets.lutron.com/a/documents/041546.pdf,,1502
041547,https://assets.lutron.com/a/documents/041547.pdf,,2918
041549,https://assets.lutron.com/a/documents/041549.pdf,,1078
041550,https://assets.lutron.com/a/documents/041550.pdf,,1727
041551,https://assets.lutron.com/a/documents/041551.pdf,,928
041555,https://assets.lutron.com/a/documents/041555.pdf,,2703
041563,https://assets.lutron.com/a/documents/041563.pdf,,4613
041566,https://assets.lutron.com/a/documents/041566.pdf,,2961
041567,https://assets.lutron.com/a/documents/041567.pdf,,7378
041568,https://assets.lutron.com/a/documents/041568.pdf,,206
041569,https://assets.lutron.com/a/documents/041569.pdf,,154
041572,https://assets.lutron.com/a/documents/041572.pdf,,748
041575,https://assets.lutron.com/a/documents/041575.pdf,,1044
041580,https://assets.lutron.com/a/documents/041580.pdf,,6894
041582,https://assets.lutron.com/a/documents/041582.pdf,,761
041584,https://assets.lutron.com/a/documents/041584.pdf,,1100
041588,https://assets.lutron.com/a/documents/041588.pdf,,1124
041597,https://assets.lutron.com/a/documents/041597.pdf,,836
041600,https://assets.lutron.com/a/documents/041600.pdf,,1847
041604,https://assets.lutron.com/a/documents/041604.pdf,,789
041606,https://assets.lutron.com/a/documents/041606.pdf,,918
041611,https://assets.lutron.com/a/documents/041611.pdf,,916
041613,https://assets.lutron.com/a/documents/041613.pdf,,1971
041627,https://assets.lutron.com/a/documents/041627.pdf,,11855
041633,https://assets.lutron.com/a/documents/041633.pdf,,171
041634,https://assets.lutron.com/a/documents/041634.pdf,,7397
041637,https://assets.lutron.com/a/documents/041637.pdf,,1737
041640,https://assets.lutron.com/a/documents/041640.pdf,,4443
041641,https://assets.lutron.com/a/documents/041641.pdf,,5221
041642,https://assets.lutron.com/a/documents/041642.pdf,,6285
041643,https://assets.lutron.com/a/documents/041643.pdf,,6055
041644,https://assets.lutron.com/a/documents/041644.pdf,,10500
041645,https://assets.lutron.com/a/documents/041645.pdf,,786
041647,https://assets.lutron.com/a/documents/041647.pdf,,891
041648,https://assets.lutron.com/a/documents/041648.pdf,,3127
041651,https://assets.lutron.com/a/documents/041651.pdf,Lutron logo K.eps,19606
041657,https://assets.lutron.com/a/documents/041657.pdf,,98
041659,https://assets.lutron.com/a/documents/041659.pdf,,266
041660,https://assets.lutron.com/a/documents/041660.pdf,,1309
041661,https://assets.lutron.com/a/documents/041661.pdf,,4261
041662,https://assets.lutron.com/a/documents/041662.pdf,,461
041663,https://assets.lutron.com/a/documents/041663.pdf,,440
041664,https://assets.lutron.com/a/documents/041664.pdf,,1892
041666,https://assets.lutron.com/a/documents/041666.pdf,,868
041669,https://assets.lutron.com/a/documents/041669.pdf,,900
041670,https://assets.lutron.com/a/documents/041670.pdf,,1320
041671,https://assets.lutron.com/a/documents/041671.pdf,,10198
041684,https://assets.lutron.com/a/documents/041684.pdf,all together now_july2020v2,3084
041690,https://assets.lutron.com/a/documents/041690.pdf,,3609
041691,https://assets.lutron.com/a/documents/041691.pdf,,750
041695,https://assets.lutron.com/a/documents/041695.pdf,,4330
041700,https://assets.lutron.com/a/documents/041700.pdf,,1695
041707,https://assets.lutron.com/a/documents/041707.pdf,,2080
041708,https://assets.lutron.com/a/documents/041708.pdf,,1978
041709,https://assets.lutron.com/a/documents/041709.pdf,,238
041716,https://assets.lutron.com/a/documents/041716.pdf,,6373
041719,https://assets.lutron.com/a/documents/041719.pdf,,3257
041720,https://assets.lutron.com/a/documents/041720.pdf,,2063
041721,https://assets.lutron.com/a/documents/041721.pdf,,3205
041727,https://assets.lutron.com/a/documents/041727.pdf,,5087
041728,https://assets.lutron.com/a/documents/041728.pdf,,3047
041729,https://assets.lutron.com/a/documents/041729.pdf,,2223
041743,https://assets.lutron.com/a/documents/041743.pdf,,3818
041744,https://assets.lutron.com/a/documents/041744.pdf,,5695
041748,https://assets.lutron.com/a/documents/041748.pdf,,557
041750,https://assets.lutron.com/a/documents/041750.pdf,,8757
041753,https://assets.lutron.com/a/documents/041753.pdf,,979
041754,https://assets.lutron.com/a/documents/041754.pdf,,4026
041755,https://assets.lutron.com/a/documents/041755.pdf,,4653
041756,https://assets.lutron.com/a/documents/041756.pdf,,839
041764,https://assets.lutron.com/a/documents/041764.pdf,,3818
041771,https://assets.lutron.com/a/documents/041771.pdf,,5529
041772,https://assets.lutron.com/a/documents/041772.pdf,,3670
041775,https://assets.lutron.com/a/documents/041775.pdf,,3358
041784,https://assets.lutron.com/a/documents/041784.pdf,,7205
041790,https://assets.lutron.com/a/documents/041790.pdf,,949
041791,https://assets.lutron.com/a/documents/041791.pdf,,1614
041792,https://assets.lutron.com/a/documents/041792.pdf,,15623
041793,https://assets.lutron.com/a/documents/041793.pdf,,4074
041796,https://assets.lutron.com/a/documents/041796.pdf,,6619
041797,https://assets.lutron.com/a/documents/041797.pdf,,1573
041800,https://assets.lutron.com/a/documents/041800.pdf,,3879
041804,https://assets.lutron.com/a/documents/041804.pdf,,15638
041805,https://assets.lutron.com/a/documents/041805.pdf,,2176
041808,https://assets.lutron.com/a/documents/041808.pdf,,5734
041809,https://assets.lutron.com/a/documents/041809.pdf,,5001
041812,https://assets.lutron.com/a/documents/041812.pdf,,1881
041813,https://assets.lutron.com/a/documents/041813.pdf,,2090
041820,https://assets.lutron.com/a/documents/041820.pdf,,2871
041824,https://assets.lutron.com/a/documents/041824.pdf,,12989
041825,https://assets.lutron.com/a/documents/041825.pdf,,14615
041827,https://assets.lutron.com/a/documents/041827.pdf,,1451
041828,https://assets.lutron.com/a/documents/041828.pdf,,2524
041836,https://assets.lutron.com/a/documents/041836.pdf,,1615
041837,https://assets.lutron.com/a/documents/041837.pdf,,11107
041839,https://assets.lutron.com/a/documents/041839.pdf,,3091
041843,https://assets.lutron.com/a/documents/041843.pdf,,2591
041845,https://assets.lutron.com/a/documents/041845.pdf,,2032
041853,https://assets.lutron.com/a/documents/041853.pdf,,9884
041854,https://assets.lutron.com/a/documents/041854.pdf,,12273
041856,https://assets.lutron.com/a/documents/041856.pdf,,5977
041861,https://assets.lutron.com/a/documents/041861.pdf,,1518
041877,https://assets.lutron.com/a/documents/041877.pdf,,5850
041879,https://assets.lutron.com/a/documents/041879.pdf,,16302
041882,https://assets.lutron.com/a/documents/041882.pdf,,2174
041883,https://assets.lutron.com/a/documents/041883.pdf,,3232
041897,https://assets.lutron.com/a/documents/041897.pdf,,3142
041907,https://assets.lutron.com/a/documents/041907.pdf,,829
041930,https://assets.lutron.com/a/documents/041930.pdf,,3103
041931,https://assets.lutron.com/a/documents/041931.pdf,,1890
041935,https://assets.lutron.com/a/documents/041935.pdf,,5849
041943,https://assets.lutron.com/a/documents/041943.pdf,,2744
041944,https://assets.lutron.com/a/documents/041944.pdf,,2548
041955,https://assets.lutron.com/a/documents/041955.pdf,,1474
041956,https://assets.lutron.com/a/documents/041956.pdf,,2779
041958,https://assets.lutron.com/a/documents/041958.pdf,,5980
043406,https://assets.lutron.com/a/documents/043406.pdf,,4245
043414,https://assets.lutron.com/a/documents/043414.pdf,,2992
043415,https://assets.lutron.com/a/documents/043415.pdf,043415a_8.22.12.indd,657
043435,https://assets.lutron.com/a/documents/043435.pdf,,1691
043451,https://assets.lutron.com/a/documents/043451.pdf,,3008
043458,https://assets.lutron.com/a/documents/043458.pdf,,2303
043459,https://assets.lutron.com/a/documents/043459.pdf,,2823
043460,https://assets.lutron.com/a/documents/043460.pdf,,893
043461,https://assets.lutron.com/a/documents/043461.pdf,,398
043462,https://assets.lutron.com/a/documents/043462.pdf,,10710
043464,https://assets.lutron.com/a/documents/043464.pdf,,13771
043465,https://assets.lutron.com/a/documents/043465.pdf,,1778
043467,https://assets.lutron.com/a/documents/043467.pdf,,698
043475,https://assets.lutron.com/a/documents/043475.pdf,,5123
043479,https://assets.lutron.com/a/documents/043479.pdf,,6218
043480,https://assets.lutron.com/a/documents/043480.pdf,HomeWorks QS feed-through DIN Panels (and accessories) 043480,5477
043492,https://assets.lutron.com/a/documents/043492.pdf,Lutron logo K.eps,274
043494,https://assets.lutron.com/a/documents/043494.pdf,,8685
043497,https://assets.lutron.com/a/documents/043497.pdf,,2442
043501,https://assets.lutron.com/a/documents/043501.pdf,,5375
043508,https://assets.lutron.com/a/documents/043508.pdf,Clean Lutron Logo.eps,890
043509,https://assets.lutron.com/a/documents/043509.pdf,,5300
043513,https://assets.lutron.com/a/documents/043513.pdf,,5390
043517,https://assets.lutron.com/a/documents/043517.pdf,,865
043519,https://assets.lutron.com/a/documents/043519.pdf,,4959
043521,https://assets.lutron.com/a/documents/043521.pdf,,10340
043525,https://assets.lutron.com/a/documents/043525.pdf,,263
043526,https://assets.lutron.com/a/documents/043526.pdf,,5182
043527,https://assets.lutron.com/a/documents/043527.pdf,,8045
043528,https://assets.lutron.com/a/documents/043528.pdf,,12761
043533,https://assets.lutron.com/a/documents/043533.pdf,,5189
043535,https://assets.lutron.com/a/documents/043535.pdf,,22212
043536,https://assets.lutron.com/a/documents/043536.pdf,,2423
043537,https://assets.lutron.com/a/documents/043537.pdf,,2423
043541,https://assets.lutron.com/a/documents/043541.pdf,,3197
043542,https://assets.lutron.com/a/documents/043542.pdf,,3299
043543,https://assets.lutron.com/a/documents/043543.pdf,,3551
043545,https://assets.lutron.com/a/documents/043545.pdf,,2413
043548,https://assets.lutron.com/a/documents/043548.pdf,,2712
043549,https://assets.lutron.com/a/documents/043549.pdf,,824
043550,https://assets.lutron.com/a/documents/043550.pdf,,1775
043553,https://assets.lutron.com/a/documents/043553.pdf,,1414
043557,https://assets.lutron.com/a/documents/043557.pdf,,18025
043558,https://assets.lutron.com/a/documents/043558.pdf,,18061
043561,https://assets.lutron.com/a/documents/043561.pdf,,297
043563,https://assets.lutron.com/a/documents/043563.pdf,,5668
043564,https://assets.lutron.com/a/documents/043564.pdf,,1437
043565,https://assets.lutron.com/a/documents/043565.pdf,,3286
043566,https://assets.lutron.com/a/documents/043566.pdf,,5783
043570,https://assets.lutron.com/a/documents/043570.pdf,,3286
043571,https://assets.lutron.com/a/documents/043571.pdf,,5783
043575,https://assets.lutron.com/a/documents/043575.pdf,,1995
043577,https://assets.lutron.com/a/documents/043577.pdf,,407
043578,https://assets.lutron.com/a/documents/043578.pdf,,5365
043580,https://assets.lutron.com/a/documents/043580.pdf,Print,4468
043582,https://assets.lutron.com/a/documents/043582.pdf,,2550
043583,https://assets.lutron.com/a/documents/043583.pdf,,1538
043588,https://assets.lutron.com/a/documents/043588.pdf,,11238
043594,https://assets.lutron.com/a/documents/043594.pdf,,2398
043607,https://assets.lutron.com/a/documents/043607.pdf,,4964
043608,https://assets.lutron.com/a/documents/043608.pdf,Clean Lutron Logo.eps,605
043609,https://assets.lutron.com/a/documents/043609.pdf,,1913
043611,https://assets.lutron.com/a/documents/043611.pdf,,10663
043612,https://assets.lutron.com/a/documents/043612.pdf,,4956
043613,https://assets.lutron.com/a/documents/043613.pdf,,1853
043618,https://assets.lutron.com/a/documents/043618.pdf,,1913
043624,https://assets.lutron.com/a/documents/043624.pdf,,978
043625,https://assets.lutron.com/a/documents/043625.pdf,,2630
044129,https://assets.lutron.com/a/documents/044129.pdf,,428
044263,https://assets.lutron.com/a/documents/044263.pdf,Radio RA2 Visor Control Install Guide 044263,1597
044332,https://assets.lutron.com/a/documents/044332.pdf,,1532
044337,https://assets.lutron.com/a/documents/044337.pdf,,1658
044343,https://assets.lutron.com/a/documents/044343.pdf,,2225
044351,https://assets.lutron.com/a/documents/044351.pdf,,5113
044352,https://assets.lutron.com/a/documents/044352.pdf,,671
044357,https://assets.lutron.com/a/documents/044357.pdf,,5534
044360,https://assets.lutron.com/a/documents/044360.pdf,,4590
044361,https://assets.lutron.com/a/documents/044361.pdf,,4698
044373,https://assets.lutron.com/a/documents/044373.pdf,,2240
044376,https://assets.lutron.com/a/documents/044376.pdf,,2448
044377,https://assets.lutron.com/a/documents/044377.pdf,RA3_logo_approved_10Dec2020_white,4941
044380,https://assets.lutron.com/a/documents/044380.pdf,,5980
044381,https://assets.lutron.com/a/documents/044381.pdf,,2817
044382,https://assets.lutron.com/a/documents/044382.pdf,,1455
044385,https://assets.lutron.com/a/documents/044385.pdf,,5980
044386,https://assets.lutron.com/a/documents/044386.pdf,,2817
044387,https://assets.lutron.com/a/documents/044387.pdf,,2714
044389,https://assets.lutron.com/a/documents/044389.pdf,,1596
044391,https://assets.lutron.com/a/documents/044391.pdf,,589
044401,https://assets.lutron.com/a/documents/044401.pdf,,845
044408,https://assets.lutron.com/a/documents/044408.pdf,,957
044409,https://assets.lutron.com/a/documents/044409.pdf,,982
044410,https://assets.lutron.com/a/documents/044410.pdf,,1821
044411,https://assets.lutron.com/a/documents/044411.pdf,RA3_logo_approved_10Dec2020_white,1217
044412,https://assets.lutron.com/a/documents/044412.pdf,,1312
044413,https://assets.lutron.com/a/documents/044413.pdf,044413a_Outlines.ai,22
044414,https://assets.lutron.com/a/documents/044414.pdf,,1826
044415,https://assets.lutron.com/a/documents/044415.pdf,,166
044416,https://assets.lutron.com/a/documents/044416.pdf,,957
044417,https://assets.lutron.com/a/documents/044417.pdf,,921
044428,https://assets.lutron.com/a/documents/044428.pdf,,1339
044429,https://assets.lutron.com/a/documents/044429.pdf,,1736
045209,https://assets.lutron.com/a/documents/045209.pdf,045209B_Kirbe-vertical-drape.indd,915
045330,https://assets.lutron.com/a/documents/045330.pdf,,7263
045334,https://assets.lutron.com/a/documents/045334.pdf,,328
045379,https://assets.lutron.com/a/documents/045379.pdf,,2743
045383,https://assets.lutron.com/a/documents/045383.pdf,Sivoia QS Triathlon Insulating Honeycomb Shade,1552
045402,https://assets.lutron.com/a/documents/045402.pdf,,5684
045406,https://assets.lutron.com/a/documents/045406.pdf,,524
045415,https://assets.lutron.com/a/documents/045415.pdf,,3222
045418,https://assets.lutron.com/a/documents/045418.pdf,,7803
045450,https://assets.lutron.com/a/documents/045450.pdf,,3210
045506,https://assets.lutron.com/a/documents/045506.pdf,Serena Roller Shade,4501
045507,https://assets.lutron.com/a/documents/045507.pdf,Sivoia QS Triathlon Roller Shade,1619
045511,https://assets.lutron.com/a/documents/045511.pdf,,4704
045512,https://assets.lutron.com/a/documents/045512.pdf,,3395
045515,https://assets.lutron.com/a/documents/045515.pdf,,1623
045520,https://assets.lutron.com/a/documents/045520.pdf,Sivoia QS Basic Wiring and Setup,12326
045528,https://assets.lutron.com/a/documents/045528.pdf,Lutron QS Smart Panel Power Supply,2697
045535,https://assets.lutron.com/a/documents/045535.pdf,Wired-Power Roller Shade,4724
045536,https://assets.lutron.com/a/documents/045536.pdf,Lutron Cordless Manual Roller Shade,5046
045538,https://assets.lutron.com/a/documents/045538.pdf,Sivoia QS Wireless Smart Panel,2276
045560,https://assets.lutron.com/a/documents/045560.pdf,Sivoia QS Wireless Smart Panel,5825
045582,https://assets.lutron.com/a/documents/045582.pdf,,1381
045583,https://assets.lutron.com/a/documents/045583.pdf,,810
045586,https://assets.lutron.com/a/documents/045586.pdf,Wall / Ceiling / Pocket - Mount Contract Roller,1919
045587,https://assets.lutron.com/a/documents/045587.pdf,Contract Roller Shade,2255
045588,https://assets.lutron.com/a/documents/045588.pdf,Wall / Ceiling / Pocket - Mount Contract Roller & Optional Fascia,6468
045589,https://assets.lutron.com/a/documents/045589.pdf,Dual Ceiling / Wall / Pocket - Mount Contract Rollers,4149
045604,https://assets.lutron.com/a/documents/045604.pdf,,4414
045612,https://assets.lutron.com/a/documents/045612.pdf,Sivoia QS Triathlon WIDR Roller Shade,4297
045616,https://assets.lutron.com/a/documents/045616.pdf,,3825
045617,https://assets.lutron.com/a/documents/045617.pdf,,9945
045618,https://assets.lutron.com/a/documents/045618.pdf,,5962
045620,https://assets.lutron.com/a/documents/045620.pdf,Lutron QS Smart Panel Power Supply,23487
045625,https://assets.lutron.com/a/documents/045625.pdf,,7453
045626,https://assets.lutron.com/a/documents/045626.pdf,,8457
045627,https://assets.lutron.com/a/documents/045627.pdf,Lutron Roller 100/150/300 Pocket Mount,17469
045650,https://assets.lutron.com/a/documents/045650.pdf,,2512
045662,https://assets.lutron.com/a/documents/045662.pdf,,466
045670,https://assets.lutron.com/a/documents/045670.pdf,,13305
045671,https://assets.lutron.com/a/documents/045671.pdf,Contract Roller Shade,13468
045672,https://assets.lutron.com/a/documents/045672.pdf,,9682
045700,https://assets.lutron.com/a/documents/045700.pdf,,4676
045701,https://assets.lutron.com/a/documents/045701.pdf,Sivoia QS Wireless RF Receiver,1377
045717,https://assets.lutron.com/a/documents/045717.pdf,,2588
045725,https://assets.lutron.com/a/documents/045725.pdf,,6606
045728,https://assets.lutron.com/a/documents/045728.pdf,Dual - Mount Contract Rollers with Fascia,823
045735,https://assets.lutron.com/a/documents/045735.pdf,,11059
045786,https://assets.lutron.com/a/documents/045786.pdf,,11519
045787,https://assets.lutron.com/a/documents/045787.pdf,,13678
045803,https://assets.lutron.com/a/documents/045803.pdf,,10382
045810,https://assets.lutron.com/a/documents/045810.pdf,,9244
045812,https://assets.lutron.com/a/documents/045812.pdf,,8518
045830,https://assets.lutron.com/a/documents/045830.pdf,,19901
045836,https://assets.lutron.com/a/documents/045836.pdf,,31303
045868,https://assets.lutron.com/a/documents/045868.pdf,,23957
045892,https://assets.lutron.com/a/documents/045892.pdf,,14548
045893,https://assets.lutron.com/a/documents/045893.pdf,,22080
045902,https://assets.lutron.com/a/documents/045902.pdf,,31385
045908,https://assets.lutron.com/a/documents/045908.pdf,,14578
045913,https://assets.lutron.com/a/documents/045913.pdf,,13250
045914,https://assets.lutron.com/a/documents/045914.pdf,,17524
045920,https://assets.lutron.com/a/documents/045920.pdf,,11935
045926,https://assets.lutron.com/a/documents/045926.pdf,045926_2D,10435
045927,https://assets.lutron.com/a/documents/045927.pdf,,15004
045929,https://assets.lutron.com/a/documents/045929.pdf,,2801
045930,https://assets.lutron.com/a/documents/045930.pdf,,4149
045937,https://assets.lutron.com/a/documents/045937.pdf,,9621
045938,https://assets.lutron.com/a/documents/045938.pdf,,16303
045943,https://assets.lutron.com/a/documents/045943.pdf,,2027
045944,https://assets.lutron.com/a/documents/045944.pdf,,2120
045949,https://assets.lutron.com/a/documents/045949.pdf,,1646
045952,https://assets.lutron.com/a/documents/045952.pdf,,4769
045956,https://assets.lutron.com/a/documents/045956.pdf,,15554
045959,https://assets.lutron.com/a/documents/045959.pdf,,10669
045964,https://assets.lutron.com/a/documents/045964.pdf,,11049
045970,https://assets.lutron.com/a/documents/045970.pdf,,9682
045971,https://assets.lutron.com/a/documents/045971.pdf,,6606
045973,https://assets.lutron.com/a/documents/045973.pdf,,11059
045975,https://assets.lutron.com/a/documents/045975.pdf,,14548
045976,https://assets.lutron.com/a/documents/045976.pdf,,15004
045977,https://assets.lutron.com/a/documents/045977.pdf,,3284
045983,https://assets.lutron.com/a/documents/045983.pdf,,2438
045984,https://assets.lutron.com/a/documents/045984.pdf,,5870
045992,https://assets.lutron.com/a/documents/045992.pdf,Lutron logo K,8523
045993,https://assets.lutron.com/a/documents/045993.pdf,Lutron logo K,5883
045994,https://assets.lutron.com/a/documents/045994.pdf,,6967
048049,https://assets.lutron.com/a/documents/048049.pdf,Clean Lutron Logo.art)/Creator (Adobe Illustrator(TM) 5.5)>> endobj1 0 obj<< /Type /Pages /Kids [ 15 0 R ] /Cou…,27
048051,https://assets.lutron.com/a/documents/048051.pdf,Clean Lutron Logo.art)/Creator (Adobe Illustrator(TM) 5.5)>> endobj1 0 obj<< /Type /Pages /Kids [ 15 0 R ] /Cou…,28
048053,https://assets.lutron.com/a/documents/048053.pdf,Clean Lutron Logo.art)/Creator (Adobe Illustrator(TM) 5.5)/Author (Chris Campbell)>> endobj1 0 obj<< /Type /Page…,26
048054,https://assets.lutron.com/a/documents/048054.pdf,Clean Lutron Logo.art)/Creator (Adobe Illustrator(TM) 5.5)/Author (Chris Campbell)>> endobj1 0 obj<< /Type /Page…,26
048055,https://assets.lutron.com/a/documents/048055.pdf,Clean Lutron Logo.art)/Creator (Adobe Illustrator(TM) 5.5)/Author (Chris Campbell)>> endobj60 0 obj<< /Title (Ra…,44
048097,https://assets.lutron.com/a/documents/048097.pdf,lutron logo1.eps,3139
048106,https://assets.lutron.com/a/documents/048106.pdf,lutron logo.eps,4169
048127,https://assets.lutron.com/a/documents/048127.pdf,,68
048133,https://assets.lutron.com/a/documents/048133.pdf,Clean Lutron Logo.art)/Creator (Adobe Illustrator(TM) 5.5)/Author (Chris Campbell)>> endobj1 0 obj<< /Type /Page…,31
048176,https://assets.lutron.com/a/documents/048176.pdf,,127
048212,https://assets.lutron.com/a/documents/048212.pdf,,145
048231,https://assets.lutron.com/a/documents/048231.pdf,,5329
048360,https://assets.lutron.com/a/documents/048360.pdf,,203
048362,https://assets.lutron.com/a/documents/048362.pdf,,331
048423,https://assets.lutron.com/a/documents/048423.pdf,,608
048428,https://assets.lutron.com/a/documents/048428.pdf,,1807
048430,https://assets.lutron.com/a/documents/048430.pdf,,1721
048435,https://assets.lutron.com/a/documents/048435.pdf,,3934
048441,https://assets.lutron.com/a/documents/048441.pdf,,1264
048442,https://assets.lutron.com/a/documents/048442.pdf,lutron logo1.eps,416
048447,https://assets.lutron.com/a/documents/048447.pdf,lutron logo1.eps,476
048451,https://assets.lutron.com/a/documents/048451.pdf,Print,2887
048453,https://assets.lutron.com/a/documents/048453.pdf,,883
048459,https://assets.lutron.com/a/documents/048459.pdf,048459b_7.03.12_final.indd,813
048461,https://assets.lutron.com/a/documents/048461.pdf,lutron logo1.eps,356
048466,https://assets.lutron.com/a/documents/048466.pdf,calpoint,1404
048469,https://assets.lutron.com/a/documents/048469.pdf,lutron logo1.eps,127
048478,https://assets.lutron.com/a/documents/048478.pdf,,707
048482,https://assets.lutron.com/a/documents/048482.pdf,lutron logo1.eps,139
048487,https://assets.lutron.com/a/documents/048487.pdf,,174
048488,https://assets.lutron.com/a/documents/048488.pdf,,593
048489,https://assets.lutron.com/a/documents/048489.pdf,lutron logo1.eps,1089
048497,https://assets.lutron.com/a/documents/048497.pdf,Lutron logo K2.eps,93
048499,https://assets.lutron.com/a/documents/048499.pdf,Osram147,93
048504,https://assets.lutron.com/a/documents/048504.pdf,,11392
048507,https://assets.lutron.com/a/documents/048507.pdf,,348
048523,https://assets.lutron.com/a/documents/048523.pdf,,1441
048524,https://assets.lutron.com/a/documents/048524.pdf,,521
048525,https://assets.lutron.com/a/documents/048525.pdf,,1335
048536,https://assets.lutron.com/a/documents/048536.pdf,,6733
048537,https://assets.lutron.com/a/documents/048537.pdf,,5523
048538,https://assets.lutron.com/a/documents/048538.pdf,Building Management System Integration for Lutron Lighting Control Systems Application Note #538 (048538),56
048556,https://assets.lutron.com/a/documents/048556.pdf,,665
048557,https://assets.lutron.com/a/documents/048557.pdf,,96
048559,https://assets.lutron.com/a/documents/048559.pdf,,1427
048562,https://assets.lutron.com/a/documents/048562.pdf,,540
048563,https://assets.lutron.com/a/documents/048563.pdf,,5172
048566,https://assets.lutron.com/a/documents/048566.pdf,,540
048567,https://assets.lutron.com/a/documents/048567.pdf,Mounting Phase-Control Dimmers to a Ceiling-Mounted Junction Box APP NOTE (048567),61
048568,https://assets.lutron.com/a/documents/048568.pdf,,801
048570,https://assets.lutron.com/a/documents/048570.pdf,,575
048571,https://assets.lutron.com/a/documents/048571.pdf,,508
048579,https://assets.lutron.com/a/documents/048579.pdf,,3760
048589,https://assets.lutron.com/a/documents/048589.pdf,lutron_logo,730
048591,https://assets.lutron.com/a/documents/048591.pdf,,1809
048592,https://assets.lutron.com/a/documents/048592.pdf,lutron logo1.eps,5163
048598,https://assets.lutron.com/a/documents/048598.pdf,Lutron logo K.eps,563
048599,https://assets.lutron.com/a/documents/048599.pdf,,99
048600,https://assets.lutron.com/a/documents/048600.pdf,,683
048601,https://assets.lutron.com/a/documents/048601.pdf,,223
048604,https://assets.lutron.com/a/documents/048604.pdf,Lutron API - ENERGY STAR Connected Functionality APP NOTE (048604a),49
048616,https://assets.lutron.com/a/documents/048616.pdf,Products Suitable for Use with Lutron Dimmable Receptacles App Note 048616,58
048617,https://assets.lutron.com/a/documents/048617.pdf,Schnieder Electric Logo,2548
048618,https://assets.lutron.com/a/documents/048618.pdf,Integrating Audio Visual Control Systems with Quantum Systems App Note 048618,58
048620,https://assets.lutron.com/a/documents/048620.pdf,Logowslogan.eps,3042
048622,https://assets.lutron.com/a/documents/048622.pdf,Logowslogan.eps,1729
048625,https://assets.lutron.com/a/documents/048625.pdf,lutron_logo,950
048626,https://assets.lutron.com/a/documents/048626.pdf,,339
048627,https://assets.lutron.com/a/documents/048627.pdf,lutron logo1.eps,1358
048628,https://assets.lutron.com/a/documents/048628.pdf,lutron logo.eps,14514
048630,https://assets.lutron.com/a/documents/048630.pdf,Logowslogan.eps,293
048634,https://assets.lutron.com/a/documents/048634.pdf,,1834
048635,https://assets.lutron.com/a/documents/048635.pdf,Sivoia QED Firmware Rev 6D Upgrade &amp; Intelligent Hembar Aligmnment Setup,1014
048637,https://assets.lutron.com/a/documents/048637.pdf,lutron logo1.eps,1330
048642,https://assets.lutron.com/a/documents/048642.pdf,lutron logo1.eps,2623
048646,https://assets.lutron.com/a/documents/048646.pdf,mitsubishielectric_logo,521
048650,https://assets.lutron.com/a/documents/048650.pdf,lutron logo1.eps,5365
048651,https://assets.lutron.com/a/documents/048651.pdf,lutron logo1.eps,466
048655,https://assets.lutron.com/a/documents/048655.pdf,Original EcoSystem Programming Application Note #655 (048655),48
048658,https://assets.lutron.com/a/documents/048658.pdf,Logowslogan.eps,8835
048659,https://assets.lutron.com/a/documents/048659.pdf,,227
048668,https://assets.lutron.com/a/documents/048668.pdf,,77
048669,https://assets.lutron.com/a/documents/048669.pdf,,1507
048670,https://assets.lutron.com/a/documents/048670.pdf,,7799
048674,https://assets.lutron.com/a/documents/048674.pdf,,330
048675,https://assets.lutron.com/a/documents/048675.pdf,,2682
048677,https://assets.lutron.com/a/documents/048677.pdf,Downlight Position,1350
048678,https://assets.lutron.com/a/documents/048678.pdf,lutron_logo,300
048680,https://assets.lutron.com/a/documents/048680.pdf,,80
048681,https://assets.lutron.com/a/documents/048681.pdf,,693
048682,https://assets.lutron.com/a/documents/048682.pdf,lutron logo1.eps,91
048684,https://assets.lutron.com/a/documents/048684.pdf,lutron logo1.eps,872
048685,https://assets.lutron.com/a/documents/048685.pdf,MYROOM TITLE 24 APP NOTE (048685),46
048687,https://assets.lutron.com/a/documents/048687.pdf,,7389
048688,https://assets.lutron.com/a/documents/048688.pdf,Print,586
048694,https://assets.lutron.com/a/documents/048694.pdf,lutron logo1.eps,150
048695,https://assets.lutron.com/a/documents/048695.pdf,LRF2 Loc Center Sm,1553
048696,https://assets.lutron.com/a/documents/048696.pdf,,3583
048698,https://assets.lutron.com/a/documents/048698.pdf,,149
048700,https://assets.lutron.com/a/documents/048700.pdf,five room partition,1310
048702,https://assets.lutron.com/a/documents/048702.pdf,testing link,88
048703,https://assets.lutron.com/a/documents/048703.pdf,MA new fv.eps,656
048705,https://assets.lutron.com/a/documents/048705.pdf,lutron logo1.eps,6660
048710,https://assets.lutron.com/a/documents/048710.pdf,,610
048711,https://assets.lutron.com/a/documents/048711.pdf,Print,125
048712,https://assets.lutron.com/a/documents/048712.pdf,Logowslogan.eps,1934
048713,https://assets.lutron.com/a/documents/048713.pdf,lutron logo1.eps,91
048717,https://assets.lutron.com/a/documents/048717.pdf,lutron logo1.eps,1840
048729,https://assets.lutron.com/a/documents/048729.pdf,lutron logo1.eps,1343
048732,https://assets.lutron.com/a/documents/048732.pdf,LutronLogo_1.eps,123
048734,https://assets.lutron.com/a/documents/048734.pdf,Logowslogan.eps,5253
048735,https://assets.lutron.com/a/documents/048735.pdf,lutron logo1.eps,1185
048736,https://assets.lutron.com/a/documents/048736.pdf,Lutron logo K_1.eps,12899
048740,https://assets.lutron.com/a/documents/048740.pdf,Lutron logo K_1.eps,1638
048744,https://assets.lutron.com/a/documents/048744.pdf,lutron logo1.eps,1355
048745,https://assets.lutron.com/a/documents/048745.pdf,lutron logo1.eps,2511
048746,https://assets.lutron.com/a/documents/048746.pdf,Logowslogan.eps,320
048752,https://assets.lutron.com/a/documents/048752.pdf,,534
048753,https://assets.lutron.com/a/documents/048753.pdf,,970
048760,https://assets.lutron.com/a/documents/048760.pdf,lutron logo1.eps,7620
048763,https://assets.lutron.com/a/documents/048763.pdf,lutron logo1.eps,2953
048767,https://assets.lutron.com/a/documents/048767.pdf,lutron logo1.eps,182
048768,https://assets.lutron.com/a/documents/048768.pdf,lutron logo1.eps,273
048772,https://assets.lutron.com/a/documents/048772.pdf,lutron logo1.eps,6998
048774,https://assets.lutron.com/a/documents/048774.pdf,Adobe Illustrator Artwork,311
048775,https://assets.lutron.com/a/documents/048775.pdf,OUTPUT BREAKERS APP NOTE (048775),50
048781,https://assets.lutron.com/a/documents/048781.pdf,lutron logo1.eps,1019
048782,https://assets.lutron.com/a/documents/048782.pdf,Logowslogan.eps,5828
048783,https://assets.lutron.com/a/documents/048783.pdf,lutron logo1.eps,1890
048786,https://assets.lutron.com/a/documents/048786.pdf,lutron logo1.eps,172
048787,https://assets.lutron.com/a/documents/048787.pdf,thermosat flowchat,765
048791,https://assets.lutron.com/a/documents/048791.pdf,lutron logo1.eps,2544
048792,https://assets.lutron.com/a/documents/048792.pdf,lutron logo1.eps,95
048794,https://assets.lutron.com/a/documents/048794.pdf,lutron logo1.eps,679
048795,https://assets.lutron.com/a/documents/048795.pdf,lutron logo.eps,5521
048798,https://assets.lutron.com/a/documents/048798.pdf,lutron_logo,1127
048799,https://assets.lutron.com/a/documents/048799.pdf,lutron logo.eps,651
048802,https://assets.lutron.com/a/documents/048802.pdf,,412
048803,https://assets.lutron.com/a/documents/048803.pdf,Logowslogan.eps,975
048806,https://assets.lutron.com/a/documents/048806.pdf,Adobe Illustrator Artwork,1638
048807,https://assets.lutron.com/a/documents/048807.pdf,,670
048809,https://assets.lutron.com/a/documents/048809.pdf,lutron logo.eps,5632
048811,https://assets.lutron.com/a/documents/048811.pdf,lutron logo.eps,115
048815,https://assets.lutron.com/a/documents/048815.pdf,Logowslogan.eps,384
048816,https://assets.lutron.com/a/documents/048816.pdf,lutron logo.eps,1003
048817,https://assets.lutron.com/a/documents/048817.pdf,lutron logo1.eps,584
048818,https://assets.lutron.com/a/documents/048818.pdf,lutron logo1.eps,3265
048827,https://assets.lutron.com/a/documents/048827.pdf,,1123
048829,https://assets.lutron.com/a/documents/048829.pdf,lutron logo1.eps,483
048830,https://assets.lutron.com/a/documents/048830.pdf,Lutron Logo,996
048836,https://assets.lutron.com/a/documents/048836.pdf,Lutron Logo,988
048842,https://assets.lutron.com/a/documents/048842.pdf,lutron logo1.eps,2526
048843,https://assets.lutron.com/a/documents/048843.pdf,LutronLogo_Black,2072
048851,https://assets.lutron.com/a/documents/048851.pdf,RRE-WSS-2BXX-L1,2253
048854,https://assets.lutron.com/a/documents/048854.pdf,,898
048857,https://assets.lutron.com/a/documents/048857.pdf,lutron logo.eps,367
049100,https://assets.lutron.com/a/documents/049100.pdf,,311
